IP Address,Port,Code,Country,Anonymity,Google,Https,Last Checked,url
94.232.11.178,46449,RU,Russian Federation,anonymous,,yes,26 secs ago,http://94.232.11.178:46449
160.86.242.23,8080,JP,Japan,elite proxy,no,yes,1 min ago,http://160.86.242.23:8080
72.10.160.173,29439,CA,Canada,elite proxy,no,yes,1 min ago,http://72.10.160.173:29439
171.228.156.31,10089,VN,Vietnam,elite proxy,no,yes,1 min ago,http://171.228.156.31:10089
34.217.215.35,1080,US,United States,elite proxy,no,yes,1 min ago,http://34.217.215.35:1080
34.97.45.196,8561,JP,Japan,anonymous,no,yes,1 min ago,http://34.97.45.196:8561
35.185.196.38,3128,US,United States,anonymous,no,yes,1 min ago,http://35.185.196.38:3128
81.19.141.2,3128,DE,Germany,anonymous,,yes,10 mins ago,http://81.19.141.2:3128
143.107.199.248,8080,BR,Brazil,anonymous,,yes,10 mins ago,http://143.107.199.248:8080
47.88.31.196,8080,US,United States,anonymous,,yes,10 mins ago,http://47.88.31.196:8080
8.218.202.190,1080,HK,Hong Kong,anonymous,no,yes,10 mins ago,http://8.218.202.190:1080
154.94.5.241,7001,DE,Germany,elite proxy,no,yes,10 mins ago,http://154.94.5.241:7001
14.245.163.203,6001,VN,Vietnam,elite proxy,no,yes,20 mins ago,http://14.245.163.203:6001
15.204.161.192,18080,US,United States,elite proxy,no,yes,20 mins ago,http://15.204.161.192:18080
114.33.18.16,3128,TW,Taiwan,anonymous,no,yes,20 mins ago,http://114.33.18.16:3128
8.219.97.248,80,SG,Singapore,anonymous,no,yes,20 mins ago,http://8.219.97.248:80
114.129.2.82,8081,JP,Japan,elite proxy,yes,yes,20 mins ago,http://114.129.2.82:8081
181.188.27.162,8080,TT,Trinidad and Tobago,elite proxy,no,yes,30 mins ago,http://181.188.27.162:8080
5.189.184.6,80,DE,Germany,elite proxy,no,yes,40 mins ago,http://5.189.184.6:80
41.65.174.85,8080,EG,Egypt,elite proxy,no,yes,50 mins ago,http://41.65.174.85:8080
148.72.140.24,30127,US,United States,elite proxy,no,yes,50 mins ago,http://148.72.140.24:30127
52.172.55.7,80,IN,India,anonymous,no,yes,50 mins ago,http://52.172.55.7:80
195.189.70.51,3128,KZ,Kazakhstan,elite proxy,no,yes,1 hour ago,http://195.189.70.51:3128
188.166.197.129,3128,SG,Singapore,anonymous,no,yes,1 hour ago,http://188.166.197.129:3128
72.10.160.93,13931,CA,Canada,elite proxy,yes,yes,1 hour ago,http://72.10.160.93:13931
37.27.198.141,80,FI,Finland,elite proxy,no,yes,1 hour 10 mins ago,http://37.27.198.141:80
47.251.43.115,33333,US,United States,anonymous,no,yes,1 hour 10 mins ago,http://47.251.43.115:33333
87.247.186.40,1080,AE,United Arab Emirates,elite proxy,no,yes,1 hour 20 mins ago,http://87.247.186.40:1080
200.25.254.193,54240,CO,Colombia,elite proxy,no,yes,1 hour 20 mins ago,http://200.25.254.193:54240
